symbol,timeframe,source,timestamp,openPrice,highPrice,lowPrice,closePrice,lastTradedVolume,metadata,checksum
NDX,1D,YFinance,2024-12-16,21891.4,22133.2,21879.7,22096.7,8855040000.0,"{'dividends': 0.0, 'stock_splits': 0.0}",a2455dff
NDX,1D,YFinance,2024-12-17,22003.6,22062.0,21921.2,22001.1,9534350000.0,"{'dividends': 0.0, 'stock_splits': 0.0}",cbcbec51
NDX,1D,YFinance,2024-12-18,21979.5,22038.1,21146.8,21209.3,9996120000.0,"{'dividends': 0.0, 'stock_splits': 0.0}",a8d9af67
NDX,1D,YFinance,2024-12-19,21358.8,21413.7,21093.5,21110.5,8029590000.0,"{'dividends': 0.0, 'stock_splits': 0.0}",8139954f
NDX,1D,YFinance,2024-12-20,20939.6,21540.3,20913.7,21289.2,10962450000.0,"{'dividends': 0.0, 'stock_splits': 0.0}",9e1845ac
NDX,1D,YFinance,2024-12-23,21364.3,21510.1,21224.3,21503.2,6820720000.0,"{'dividends': 0.0, 'stock_splits': 0.0}",ca59f2de
NDX,1D,YFinance,2024-12-24,21564.4,21797.7,21559.0,21797.7,4739190000.0,"{'dividends': 0.0, 'stock_splits': 0.0}",72abb09f
NDX,1D,YFinance,2024-12-26,21734.0,21837.7,21645.6,21768.3,6467910000.0,"{'dividends': 0.0, 'stock_splits': 0.0}",429726b8
NDX,1D,YFinance,2024-12-27,21633.1,21642.3,21292.2,21473.0,7765120000.0,"{'dividends': 0.0, 'stock_splits': 0.0}",26907223
NDX,1D,YFinance,2024-12-30,21189.1,21346.1,21046.6,21197.1,8384090000.0,"{'dividends': 0.0, 'stock_splits': 0.0}",55f985ed
NDX,1D,YFinance,2024-12-31,21256.0,21276.1,20979.5,21012.2,8873030000.0,"{'dividends': 0.0, 'stock_splits': 0.0}",2a928f54
NDX,1D,YFinance,2025-01-02,21120.1,21236.6,20800.5,20975.6,8737550000.0,"{'dividends': 0.0, 'stock_splits': 0.0}",44c2a342
NDX,1D,YFinance,2025-01-03,21096.8,21359.6,21075.9,21326.2,8214050000.0,"{'dividends': 0.0, 'stock_splits': 0.0}",ec9b0203
NDX,1D,YFinance,2025-01-06,21551.2,21703.5,21462.5,21559.5,9586840000.0,"{'dividends': 0.0, 'stock_splits': 0.0}",911e7cfe
NDX,1D,YFinance,2025-01-07,21619.9,21621.2,21101.1,21173.0,13371130000.0,"{'dividends': 0.0, 'stock_splits': 0.0}",03bebb7c
NDX,1D,YFinance,2025-01-08,21156.8,21242.6,20992.1,21181.0,8851720000.0,"{'dividends': 0.0, 'stock_splits': 0.0}",e521d75c
NDX,1D,YFinance,2025-01-10,21012.3,21015.5,20718.8,20847.6,8608880000.0,"{'dividends': 0.0, 'stock_splits': 0.0}",3e9c69a4
NDX,1D,YFinance,2025-01-13,20593.7,20797.1,20538.3,20784.7,7830760000.0,"{'dividends': 0.0, 'stock_splits': 0.0}",3e47d235
NDX,1D,YFinance,2025-01-14,20896.4,20969.5,20622.7,20757.4,7168110000.0,"{'dividends': 0.0, 'stock_splits': 0.0}",52ce7e73
NDX,1D,YFinance,2025-01-15,21067.8,21286.0,21024.3,21237.8,7260250000.0,"{'dividends': 0.0, 'stock_splits': 0.0}",fb92f0f5
NDX,1D,YFinance,2025-01-16,21325.0,21330.6,21087.8,21091.2,7085990000.0,"{'dividends': 0.0, 'stock_splits': 0.0}",b8262b02
NDX,1D,YFinance,2025-01-17,21461.9,21515.8,21334.6,21441.2,7996360000.0,"{'dividends': 0.0, 'stock_splits': 0.0}",a18a21b0
NDX,1D,YFinance,2025-01-21,21557.8,21620.2,21379.1,21566.5,8015780000.0,"{'dividends': 0.0, 'stock_splits': 0.0}",1d2cf2e6
NDX,1D,YFinance,2025-01-22,21756.2,21943.0,21756.2,21853.0,7219060000.0,"{'dividends': 0.0, 'stock_splits': 0.0}",9dcc7d30
NDX,1D,YFinance,2025-01-23,21737.2,21900.9,21722.0,21900.9,6837700000.0,"{'dividends': 0.0, 'stock_splits': 0.0}",567cec30
NDX,1D,YFinance,2025-01-24,21915.5,21945.5,21709.1,21774.0,7708150000.0,"{'dividends': 0.0, 'stock_splits': 0.0}",2d286da0
NDX,1D,YFinance,2025-01-27,21000.2,21292.5,20974.9,21127.3,8870200000.0,"{'dividends': 0.0, 'stock_splits': 0.0}",80802efb
NDX,1D,YFinance,2025-01-28,21186.1,21500.7,21043.1,21463.0,7121740000.0,"{'dividends': 0.0, 'stock_splits': 0.0}",5b5d49f7
NDX,1D,YFinance,2025-01-29,21473.0,21477.9,21251.8,21411.5,6497710000.0,"{'dividends': 0.0, 'stock_splits': 0.0}",01bfa10b
NDX,1D,YFinance,2025-01-30,21519.8,21623.4,21308.7,21508.1,6679500000.0,"{'dividends': 0.0, 'stock_splits': 0.0}",cc324167
NDX,1D,YFinance,2025-01-31,21661.6,21846.0,21425.8,21478.1,7947370000.0,"{'dividends': 0.0, 'stock_splits': 0.0}",b65e21cf
NDX,1D,YFinance,2025-02-03,21084.6,21406.6,21004.3,21297.6,8272460000.0,"{'dividends': 0.0, 'stock_splits': 0.0}",68e4fef5
NDX,1D,YFinance,2025-02-04,21319.6,21582.4,21308.2,21566.9,6477050000.0,"{'dividends': 0.0, 'stock_splits': 0.0}",adc1a6d8
NDX,1D,YFinance,2025-02-05,21453.9,21663.0,21408.6,21658.2,6712220000.0,"{'dividends': 0.0, 'stock_splits': 0.0}",b42e65a4
NDX,1D,YFinance,2025-02-06,21674.2,21776.1,21618.2,21774.1,6642100000.0,"{'dividends': 0.0, 'stock_splits': 0.0}",980788aa
NDX,1D,YFinance,2025-02-07,21776.3,21869.3,21465.5,21491.3,7748940000.0,"{'dividends': 0.0, 'stock_splits': 0.0}",be880f4e
NDX,1D,YFinance,2025-02-10,21670.1,21793.1,21645.2,21756.7,9535440000.0,"{'dividends': 0.0, 'stock_splits': 0.0}",98a582de
NDX,1D,YFinance,2025-02-11,21629.1,21776.2,21625.5,21693.5,9269380000.0,"{'dividends': 0.0, 'stock_splits': 0.0}",d6313e2e
NDX,1D,YFinance,2025-02-12,21475.4,21745.7,21454.2,21719.3,7946550000.0,"{'dividends': 0.0, 'stock_splits': 0.0}",1d4c8e5d
NDX,1D,YFinance,2025-02-13,21786.2,22038.2,21758.0,22030.7,8414510000.0,"{'dividends': 0.0, 'stock_splits': 0.0}",8c791ea7
NDX,1D,YFinance,2025-02-14,22038.6,22139.4,22010.3,22114.7,7995720000.0,"{'dividends': 0.0, 'stock_splits': 0.0}",57e3c277
NDX,1D,YFinance,2025-02-18,22176.0,22191.4,22029.6,22164.6,8683170000.0,"{'dividends': 0.0, 'stock_splits': 0.0}",82442f46
NDX,1D,YFinance,2025-02-19,22121.7,22222.6,22045.8,22175.6,8171530000.0,"{'dividends': 0.0, 'stock_splits': 0.0}",00c9600d
NDX,1D,YFinance,2025-02-20,22132.7,22148.4,21878.8,22068.1,7329270000.0,"{'dividends': 0.0, 'stock_splits': 0.0}",f90a83b0
NDX,1D,YFinance,2025-02-21,22110.5,22115.2,21597.2,21614.1,8461020000.0,"{'dividends': 0.0, 'stock_splits': 0.0}",7648d4b7
NDX,1D,YFinance,2025-02-24,21669.4,21727.6,21342.0,21352.1,7414760000.0,"{'dividends': 0.0, 'stock_splits': 0.0}",1f2393a3
NDX,1D,YFinance,2025-02-25,21318.8,21326.8,20930.6,21087.2,7991440000.0,"{'dividends': 0.0, 'stock_splits': 0.0}",3e4d3e8c
NDX,1D,YFinance,2025-02-26,21170.5,21350.5,21012.6,21132.9,7034450000.0,"{'dividends': 0.0, 'stock_splits': 0.0}",0ed6a720
NDX,1D,YFinance,2025-02-27,21281.4,21323.9,20540.7,20550.9,7700290000.0,"{'dividends': 0.0, 'stock_splits': 0.0}",87b0c1ce
NDX,1D,YFinance,2025-02-28,20518.7,20900.8,20407.4,20884.4,8247520000.0,"{'dividends': 0.0, 'stock_splits': 0.0}",1ffa43ea
NDX,1D,YFinance,2025-03-03,20989.6,21073.8,20279.5,20425.6,8170140000.0,"{'dividends': 0.0, 'stock_splits': 0.0}",803a6734
NDX,1D,YFinance,2025-03-04,20281.9,20688.5,20034.7,20352.5,8469180000.0,"{'dividends': 0.0, 'stock_splits': 0.0}",cf62d332
NDX,1D,YFinance,2025-03-05,20363.2,20688.7,20182.6,20628.5,7048430000.0,"{'dividends': 0.0, 'stock_splits': 0.0}",77e3da4a
NDX,1D,YFinance,2025-03-06,20231.7,20473.4,19968.6,20052.6,7686200000.0,"{'dividends': 0.0, 'stock_splits': 0.0}",59ab3fda
NDX,1D,YFinance,2025-03-07,20015.6,20253.2,19736.8,20201.4,8135420000.0,"{'dividends': 0.0, 'stock_splits': 0.0}",ed8f197e
NDX,1D,YFinance,2025-03-10,19827.0,19867.1,19243.3,19430.9,8636040000.0,"{'dividends': 0.0, 'stock_splits': 0.0}",f35736ce
NDX,1D,YFinance,2025-03-11,19405.5,19659.4,19180.6,19377.0,9177320000.0,"{'dividends': 0.0, 'stock_splits': 0.0}",adb03a4c
NDX,1D,YFinance,2025-03-12,19663.4,19756.1,19375.2,19596.0,7746430000.0,"{'dividends': 0.0, 'stock_splits': 0.0}",54f2d4dd
NDX,1D,YFinance,2025-03-13,19534.4,19558.6,19152.6,19225.5,7147050000.0,"{'dividends': 0.0, 'stock_splits': 0.0}",041d3912
NDX,1D,YFinance,2025-03-14,19458.9,19729.2,19436.0,19704.6,7093850000.0,"{'dividends': 0.0, 'stock_splits': 0.0}",0e261af4
NDX,1D,YFinance,2025-03-17,19670.7,19943.8,19622.5,19812.2,6306340000.0,"{'dividends': 0.0, 'stock_splits': 0.0}",42a774bc
NDX,1D,YFinance,2025-03-18,19657.1,19676.1,19397.1,19483.4,6450530000.0,"{'dividends': 0.0, 'stock_splits': 0.0}",3882bf31
NDX,1D,YFinance,2025-03-19,19576.3,19921.6,19497.8,19736.7,6302310000.0,"{'dividends': 0.0, 'stock_splits': 0.0}",719792b5
NDX,1D,YFinance,2025-03-20,19558.3,19888.8,19549.3,19677.6,6098330000.0,"{'dividends': 0.0, 'stock_splits': 0.0}",4bc57b6f
NDX,1D,YFinance,2025-03-21,19466.4,19768.0,19409.2,19754.0,8837930000.0,"{'dividends': 0.0, 'stock_splits': 0.0}",ae2cb365
NDX,1D,YFinance,2025-03-24,20041.2,20208.8,20025.0,20180.4,6787790000.0,"{'dividends': 0.0, 'stock_splits': 0.0}",14ed5183
NDX,1D,YFinance,2025-03-25,20196.5,20292.2,20164.1,20287.8,6475790000.0,"{'dividends': 0.0, 'stock_splits': 0.0}",f0d79701
NDX,1D,YFinance,2025-03-26,20239.0,20270.2,19848.5,19917.0,9091510000.0,"{'dividends': 0.0, 'stock_splits': 0.0}",bf31fe15
NDX,1D,YFinance,2025-03-27,19814.6,20003.4,19740.2,19798.6,8002470000.0,"{'dividends': 0.0, 'stock_splits': 0.0}",0bc1297c
NDX,1D,YFinance,2025-03-28,19718.5,19752.4,19241.5,19281.4,7015410000.0,"{'dividends': 0.0, 'stock_splits': 0.0}",2945654b
NDX,1D,YFinance,2025-03-31,18998.5,19316.1,18799.2,19278.4,8122180000.0,"{'dividends': 0.0, 'stock_splits': 0.0}",752fe4d9
NDX,1D,YFinance,2025-04-01,19192.8,19468.6,19095.2,19436.4,7756540000.0,"{'dividends': 0.0, 'stock_splits': 0.0}",8df2d693
NDX,1D,YFinance,2025-04-02,19182.4,19707.3,19157.2,19581.8,9126630000.0,"{'dividends': 0.0, 'stock_splits': 0.0}",922c6b0c
NDX,1D,YFinance,2025-04-03,18774.2,18902.1,18503.0,18521.5,9461330000.0,"{'dividends': 0.0, 'stock_splits': 0.0}",68209765
NDX,1D,YFinance,2025-04-04,18022.2,18089.2,17387.8,17397.7,11038180000.0,"{'dividends': 0.0, 'stock_splits': 0.0}",0d0f45ac
NDX,1D,YFinance,2025-04-07,16771.8,18191.5,16542.2,17430.7,12483580000.0,"{'dividends': 0.0, 'stock_splits': 0.0}",bdaed53f
NDX,1D,YFinance,2025-04-08,18034.5,18207.0,16850.2,17090.4,10496650000.0,"{'dividends': 0.0, 'stock_splits': 0.0}",688b3880
NDX,1D,YFinance,2025-04-09,17116.5,19234.0,17082.4,19145.1,13479740000.0,"{'dividends': 0.0, 'stock_splits': 0.0}",c73390e2
NDX,1D,YFinance,2025-04-10,18626.1,18710.6,17794.5,18343.6,11861670000.0,"{'dividends': 0.0, 'stock_splits': 0.0}",37147756
NDX,1D,YFinance,2025-04-11,18309.3,18728.9,18153.3,18690.1,9444890000.0,"{'dividends': 0.0, 'stock_splits': 0.0}",042c31b5
NDX,1D,YFinance,2025-04-14,19095.5,19115.2,18614.8,18796.0,9667260000.0,"{'dividends': 0.0, 'stock_splits': 0.0}",87f1bc7c
NDX,1D,YFinance,2025-04-15,18832.0,19004.2,18754.9,18830.2,7483050000.0,"{'dividends': 0.0, 'stock_splits': 0.0}",0b408c75
NDX,1D,YFinance,2025-04-16,18475.8,18597.3,17996.0,18257.6,7909190000.0,"{'dividends': 0.0, 'stock_splits': 0.0}",19532bec
NDX,1D,YFinance,2025-04-17,18369.9,18401.1,18144.5,18258.1,7046290000.0,"{'dividends': 0.0, 'stock_splits': 0.0}",9c3f072b
NDX,1D,YFinance,2025-04-21,18023.0,18043.1,17592.9,17808.3,6678730000.0,"{'dividends': 0.0, 'stock_splits': 0.0}",c2bdcd35
NDX,1D,YFinance,2025-04-22,18033.9,18396.4,17993.2,18276.4,6981900000.0,"{'dividends': 0.0, 'stock_splits': 0.0}",9e379832
NDX,1D,YFinance,2025-04-23,18870.6,19043.0,18618.9,18693.3,8564870000.0,"{'dividends': 0.0, 'stock_splits': 0.0}",1c1e8575
NDX,1D,YFinance,2025-04-24,18756.5,19224.8,18744.5,19214.4,7607400000.0,"{'dividends': 0.0, 'stock_splits': 0.0}",e669cdf5
NDX,1D,YFinance,2025-04-25,19209.7,19447.6,19133.2,19432.6,7412930000.0,"{'dividends': 0.0, 'stock_splits': 0.0}",5180cafe
NDX,1D,YFinance,2025-04-28,19432.7,19519.3,19162.5,19427.3,10313290000.0,"{'dividends': 0.0, 'stock_splits': 0.0}",ea131839
NDX,1D,YFinance,2025-04-29,19315.9,19582.8,19304.8,19544.9,13001930000.0,"{'dividends': 0.0, 'stock_splits': 0.0}",6c7a8e79
NDX,1D,YFinance,2025-04-30,19168.1,19612.8,19012.0,19571.0,8595330000.0,"{'dividends': 0.0, 'stock_splits': 0.0}",3ae62536
NDX,1D,YFinance,2025-05-01,19866.8,20024.5,19763.1,19786.7,8409690000.0,"{'dividends': 0.0, 'stock_splits': 0.0}",0ff7ce0d
NDX,1D,YFinance,2025-05-02,19986.6,20176.6,19936.7,20102.6,8180190000.0,"{'dividends': 0.0, 'stock_splits': 0.0}",14680472
NDX,1D,YFinance,2025-05-05,19928.8,20100.6,19899.3,19967.9,7075320000.0,"{'dividends': 0.0, 'stock_splits': 0.0}",af89c506
NDX,1D,YFinance,2025-05-06,19709.6,19927.2,19659.3,19791.3,6958220000.0,"{'dividends': 0.0, 'stock_splits': 0.0}",d8f77842
NDX,1D,YFinance,2025-05-07,19804.5,19960.9,19605.1,19868.0,7977870000.0,"{'dividends': 0.0, 'stock_splits': 0.0}",927dd6a0
NDX,1D,YFinance,2025-05-08,20067.4,20249.8,19907.7,20063.6,8500390000.0,"{'dividends': 0.0, 'stock_splits': 0.0}",3932d9b9
NDX,1D,YFinance,2025-05-09,20170.4,20203.6,19984.5,20061.4,8835140000.0,"{'dividends': 0.0, 'stock_splits': 0.0}",340e6c5f
NDX,1D,YFinance,2025-05-12,20818.8,20870.1,20613.3,20868.2,10717670000.0,"{'dividends': 0.0, 'stock_splits': 0.0}",14175a72
NDX,1D,YFinance,2025-05-13,20906.9,21259.4,20891.2,21197.7,9242230000.0,"{'dividends': 0.0, 'stock_splits': 0.0}",380351e1
NDX,1D,YFinance,2025-05-14,21254.5,21336.5,21199.8,21319.2,11744820000.0,"{'dividends': 0.0, 'stock_splits': 0.0}",5c25d0be
NDX,1D,YFinance,2025-05-15,21206.7,21443.9,21168.2,21335.8,10546350000.0,"{'dividends': 0.0, 'stock_splits': 0.0}",77d27fef
NDX,1D,YFinance,2025-05-16,21375.6,21428.8,21246.4,21427.9,10509820000.0,"{'dividends': 0.0, 'stock_splits': 0.0}",71bea3f8
NDX,1D,YFinance,2025-05-19,21138.1,21464.6,21138.1,21447.1,13080030000.0,"{'dividends': 0.0, 'stock_splits': 0.0}",2ea36dcd
NDX,1D,YFinance,2025-05-20,21347.6,21400.0,21226.7,21367.4,9047100000.0,"{'dividends': 0.0, 'stock_splits': 0.0}",c408ea66
NDX,1D,YFinance,2025-05-21,21217.3,21483.0,21002.1,21080.4,11112460000.0,"{'dividends': 0.0, 'stock_splits': 0.0}",0380296e
NDX,1D,YFinance,2025-05-22,21097.5,21263.2,21046.2,21112.5,8289710000.0,"{'dividends': 0.0, 'stock_splits': 0.0}",adc4d065
NDX,1D,YFinance,2025-05-23,20806.4,21025.6,20778.0,20915.7,8730370000.0,"{'dividends': 0.0, 'stock_splits': 0.0}",affede76
NDX,1D,YFinance,2025-05-27,21201.4,21429.3,21145.1,21415.0,8927760000.0,"{'dividends': 0.0, 'stock_splits': 0.0}",9b47f0a6
NDX,1D,YFinance,2025-05-28,21451.7,21508.1,21296.5,21318.2,8087530000.0,"{'dividends': 0.0, 'stock_splits': 0.0}",663c57e1
NDX,1D,YFinance,2025-05-29,21611.5,21611.5,21260.7,21363.9,11016850000.0,"{'dividends': 0.0, 'stock_splits': 0.0}",4ba410d1
NDX,1D,YFinance,2025-05-30,21330.8,21386.3,21032.6,21341.0,9042260000.0,"{'dividends': 0.0, 'stock_splits': 0.0}",60b393e6
NDX,1D,YFinance,2025-06-02,21270.6,21500.4,21199.4,21491.8,7779940000.0,"{'dividends': 0.0, 'stock_splits': 0.0}",b1da3198
NDX,1D,YFinance,2025-06-03,21530.0,21716.0,21474.5,21662.6,7990230000.0,"{'dividends': 0.0, 'stock_splits': 0.0}",7b64524c
NDX,1D,YFinance,2025-06-04,21689.0,21761.4,21607.3,21721.9,7695660000.0,"{'dividends': 0.0, 'stock_splits': 0.0}",176bf8f0
NDX,1D,YFinance,2025-06-05,21782.3,21891.9,21472.8,21547.4,8782360000.0,"{'dividends': 0.0, 'stock_splits': 0.0}",335594e2
NDX,1D,YFinance,2025-06-06,21777.5,21836.6,21696.7,21761.8,7291590000.0,"{'dividends': 0.0, 'stock_splits': 0.0}",15d6b46e
NDX,1D,YFinance,2025-06-09,21779.2,21855.2,21729.3,21797.9,9538700000.0,"{'dividends': 0.0, 'stock_splits': 0.0}",a81284e3
NDX,1D,YFinance,2025-06-10,21819.8,21961.4,21727.3,21941.9,11221560000.0,"{'dividends': 0.0, 'stock_splits': 0.0}",9c4e5807
NDX,1D,YFinance,2025-06-11,21994.2,22041.8,21775.3,21860.8,10214190000.0,"{'dividends': 0.0, 'stock_splits': 0.0}",3bb5e852
NDX,1D,YFinance,2025-06-12,21826.8,21952.0,21807.0,21913.3,16308730000.0,"{'dividends': 0.0, 'stock_splits': 0.0}",4d2641d7
NDX,1D,YFinance,2025-06-13,21675.9,21838.5,21591.1,21631.0,9001850000.0,"{'dividends': 0.0, 'stock_splits': 0.0}",8e548cf1
NDX,1D,YFinance,2025-06-16,21783.1,21979.8,21783.1,21937.6,9619130000.0,"{'dividends': 0.0, 'stock_splits': 0.0}",7f2a3399
NDX,1D,YFinance,2025-06-17,21858.9,21896.4,21680.2,21719.1,8519930000.0,"{'dividends': 0.0, 'stock_splits': 0.0}",a3b96e7d
NDX,1D,YFinance,2025-06-18,21745.5,21863.0,21660.5,21719.7,7818790000.0,"{'dividends': 0.0, 'stock_splits': 0.0}",6aba5348
NDX,1D,YFinance,2025-06-20,21834.5,21903.0,21552.8,21626.4,9969140000.0,"{'dividends': 0.0, 'stock_splits': 0.0}",3e7b62c2
NDX,1D,YFinance,2025-06-23,21632.8,21871.9,21532.3,21856.3,9088000000.0,"{'dividends': 0.0, 'stock_splits': 0.0}",7094d71c
NDX,1D,YFinance,2025-06-24,22053.3,22220.6,22045.6,22190.5,8330090000.0,"{'dividends': 0.0, 'stock_splits': 0.0}",0dfe7c45
NDX,1D,YFinance,2025-06-25,22279.7,22329.2,22175.1,22237.7,8256120000.0,"{'dividends': 0.0, 'stock_splits': 0.0}",30940a7e
NDX,1D,YFinance,2025-06-26,22328.2,22467.0,22255.3,22447.3,8383380000.0,"{'dividends': 0.0, 'stock_splits': 0.0}",2f9bc59f
NDX,1D,YFinance,2025-06-27,22484.9,22603.2,22382.8,22534.2,10951070000.0,"{'dividends': 0.0, 'stock_splits': 0.0}",fdb0ac80
NDX,1D,YFinance,2025-06-30,22632.9,22721.5,22565.1,22679.0,8220420000.0,"{'dividends': 0.0, 'stock_splits': 0.0}",23b0373c
NDX,1D,YFinance,2025-07-01,22594.5,22631.3,22388.1,22478.1,8631710000.0,"{'dividends': 0.0, 'stock_splits': 0.0}",e3e9606b
NDX,1D,YFinance,2025-07-02,22451.8,22644.7,22448.1,22641.9,8378750000.0,"{'dividends': 0.0, 'stock_splits': 0.0}",88116112
NDX,1D,YFinance,2025-07-03,22751.6,22896.0,22736.1,22867.0,6177910000.0,"{'dividends': 0.0, 'stock_splits': 0.0}",29e56e90
NDX,1D,YFinance,2025-07-07,22754.4,22776.2,22587.5,22685.6,8345710000.0,"{'dividends': 0.0, 'stock_splits': 0.0}",c71b897f
NDX,1D,YFinance,2025-07-08,22735.3,22761.8,22652.4,22702.2,8437480000.0,"{'dividends': 0.0, 'stock_splits': 0.0}",6aa4f937
NDX,1D,YFinance,2025-07-09,22800.4,22915.3,22733.7,22864.9,9978310000.0,"{'dividends': 0.0, 'stock_splits': 0.0}",08a7dc67
NDX,1D,YFinance,2025-07-10,22890.4,22907.0,22716.4,22829.3,9781380000.0,"{'dividends': 0.0, 'stock_splits': 0.0}",98e11990
NDX,1D,YFinance,2025-07-11,22758.0,22837.4,22692.8,22780.6,8135800000.0,"{'dividends': 0.0, 'stock_splits': 0.0}",de080a11
NDX,1D,YFinance,2025-07-14,22780.2,22886.9,22675.3,22855.6,8010060000.0,"{'dividends': 0.0, 'stock_splits': 0.0}",6be07b5e
NDX,1D,YFinance,2025-07-15,23036.9,23051.9,22876.5,22884.6,8399060000.0,"{'dividends': 0.0, 'stock_splits': 0.0}",82a51ac8
NDX,1D,YFinance,2025-07-16,22895.3,22928.6,22669.4,22908.0,9056640000.0,"{'dividends': 0.0, 'stock_splits': 0.0}",f693e438
NDX,1D,YFinance,2025-07-17,22931.0,23104.7,22905.5,23081.1,9994550000.0,"{'dividends': 0.0, 'stock_splits': 0.0}",91fe6dfb
NDX,1D,YFinance,2025-07-18,23135.1,23153.2,23018.4,23065.5,9354580000.0,"{'dividends': 0.0, 'stock_splits': 0.0}",4afa55e0
NDX,1D,YFinance,2025-07-21,23125.0,23264.4,23122.9,23180.1,12046970000.0,"{'dividends': 0.0, 'stock_splits': 0.0}",22a55d14
NDX,1D,YFinance,2025-07-22,23182.0,23186.4,22953.8,23063.6,10583710000.0,"{'dividends': 0.0, 'stock_splits': 0.0}",e14d2fd9
NDX,1D,YFinance,2025-07-23,23100.2,23168.5,23000.5,23162.4,10972770000.0,"{'dividends': 0.0, 'stock_splits': 0.0}",829966f1
NDX,1D,YFinance,2025-07-24,23228.8,23268.5,23150.3,23219.9,12741070000.0,"{'dividends': 0.0, 'stock_splits': 0.0}",91c6a8c6
NDX,1D,YFinance,2025-07-25,23204.7,23326.3,23194.0,23272.2,11028310000.0,"{'dividends': 0.0, 'stock_splits': 0.0}",03d6958e
NDX,1D,YFinance,2025-07-28,23343.1,23386.8,23299.8,23356.3,10612580000.0,"{'dividends': 0.0, 'stock_splits': 0.0}",a3a9b215
NDX,1D,YFinance,2025-07-29,23477.8,23510.9,23283.4,23308.3,10040610000.0,"{'dividends': 0.0, 'stock_splits': 0.0}",a627c24a
NDX,1D,YFinance,2025-07-30,23337.3,23447.2,23226.9,23345.4,9311770000.0,"{'dividends': 0.0, 'stock_splits': 0.0}",d8a287bc
NDX,1D,YFinance,2025-07-31,23589.4,23589.4,23176.1,23218.1,9917220000.0,"{'dividends': 0.0, 'stock_splits': 0.0}",f967f7c4
NDX,1D,YFinance,2025-08-01,22941.1,22972.5,22673.9,22763.3,9667420000.0,"{'dividends': 0.0, 'stock_splits': 0.0}",cd09a248
NDX,1D,YFinance,2025-08-04,22986.8,23191.0,22973.6,23188.6,7355970000.0,"{'dividends': 0.0, 'stock_splits': 0.0}",cc0d0e44
NDX,1D,YFinance,2025-08-05,23235.3,23286.1,23008.1,23018.6,7982940000.0,"{'dividends': 0.0, 'stock_splits': 0.0}",cc658867
NDX,1D,YFinance,2025-08-06,23070.9,23330.5,23042.3,23315.0,8580020000.0,"{'dividends': 0.0, 'stock_splits': 0.0}",e7399a62
NDX,1D,YFinance,2025-08-07,23483.4,23560.7,23225.7,23389.5,8979190000.0,"{'dividends': 0.0, 'stock_splits': 0.0}",fdafde42
NDX,1D,YFinance,2025-08-08,23458.1,23619.2,23437.6,23611.3,8669200000.0,"{'dividends': 0.0, 'stock_splits': 0.0}",d9c975b8
NDX,1D,YFinance,2025-08-11,23629.0,23698.0,23484.2,23526.6,9099730000.0,"{'dividends': 0.0, 'stock_splits': 0.0}",f5eee8f7
NDX,1D,YFinance,2025-08-12,23651.6,23849.5,23524.3,23839.2,8382820000.0,"{'dividends': 0.0, 'stock_splits': 0.0}",178f8129
NDX,1D,YFinance,2025-08-13,23935.1,23969.3,23789.1,23849.0,8763080000.0,"{'dividends': 0.0, 'stock_splits': 0.0}",6a2ca426
NDX,1D,YFinance,2025-08-14,23775.0,23908.3,23749.0,23832.4,9110860000.0,"{'dividends': 0.0, 'stock_splits': 0.0}",9a390581
NDX,1D,YFinance,2025-08-15,23809.0,23814.0,23651.2,23712.1,8158830000.0,"{'dividends': 0.0, 'stock_splits': 0.0}",e4b9be3f
NDX,1D,YFinance,2025-08-18,23692.1,23733.5,23637.4,23713.8,8260970000.0,"{'dividends': 0.0, 'stock_splits': 0.0}",ad4ab3e1
NDX,1D,YFinance,2025-08-19,23689.0,23695.6,23346.3,23384.8,8461660000.0,"{'dividends': 0.0, 'stock_splits': 0.0}",5cfa5e2b
NDX,1D,YFinance,2025-08-20,23343.4,23343.4,22959.7,23249.6,7810310000.0,"{'dividends': 0.0, 'stock_splits': 0.0}",25b25cde
NDX,1D,YFinance,2025-08-21,23182.8,23264.3,23046.4,23142.6,6530580000.0,"{'dividends': 0.0, 'stock_splits': 0.0}",72e6cc74
NDX,1D,YFinance,2025-08-22,23185.0,23575.4,23140.0,23498.1,9401300000.0,"{'dividends': 0.0, 'stock_splits': 0.0}",de6a5881
NDX,1D,YFinance,2025-08-25,23454.3,23546.4,23382.2,23425.6,8443200000.0,"{'dividends': 0.0, 'stock_splits': 0.0}",880fd2ba
NDX,1D,YFinance,2025-08-26,23420.8,23532.5,23369.0,23525.3,9087930000.0,"{'dividends': 0.0, 'stock_splits': 0.0}",504e5291
NDX,1D,YFinance,2025-08-27,23499.7,23591.1,23434.3,23565.8,8040510000.0,"{'dividends': 0.0, 'stock_splits': 0.0}",9ee673c4
NDX,1D,YFinance,2025-08-28,23601.3,23741.2,23514.7,23703.4,7807080000.0,"{'dividends': 0.0, 'stock_splits': 0.0}",71e6bcc3
NDX,1D,YFinance,2025-08-29,23607.5,23607.5,23354.0,23415.4,7715430000.0,"{'dividends': 0.0, 'stock_splits': 0.0}",1ece2d81
NDX,1D,YFinance,2025-09-02,23020.5,23242.3,22977.9,23231.1,8183410000.0,"{'dividends': 0.0, 'stock_splits': 0.0}",3719c667
NDX,1D,YFinance,2025-09-03,23388.3,23478.0,23279.1,23414.8,7488290000.0,"{'dividends': 0.0, 'stock_splits': 0.0}",92874449
NDX,1D,YFinance,2025-09-04,23442.2,23639.0,23371.3,23633.0,7282150000.0,"{'dividends': 0.0, 'stock_splits': 0.0}",44600d07
NDX,1D,YFinance,2025-09-05,23842.0,23860.2,23475.3,23652.4,8413730000.0,"{'dividends': 0.0, 'stock_splits': 0.0}",f23bd67e
NDX,1D,YFinance,2025-09-08,23759.6,23851.8,23725.0,23762.3,8435850000.0,"{'dividends': 0.0, 'stock_splits': 0.0}",d4728235
NDX,1D,YFinance,2025-09-09,23824.3,23852.4,23698.0,23839.8,7877410000.0,"{'dividends': 0.0, 'stock_splits': 0.0}",a2397415
NDX,1D,YFinance,2025-09-10,23931.3,23958.5,23760.1,23849.3,9090550000.0,"{'dividends': 0.0, 'stock_splits': 0.0}",9d09d575
NDX,1D,YFinance,2025-09-11,23956.6,24016.5,23883.0,23992.6,10025020000.0,"{'dividends': 0.0, 'stock_splits': 0.0}",d4a79770
NDX,1D,YFinance,2025-09-12,24030.8,24137.1,23983.6,24092.2,9023140000.0,"{'dividends': 0.0, 'stock_splits': 0.0}",3c742e5d
NDX,1D,YFinance,2025-09-15,24178.6,24297.3,24173.1,24293.8,8904030000.0,"{'dividends': 0.0, 'stock_splits': 0.0}",2abef0a6
NDX,1D,YFinance,2025-09-16,24342.8,24343.3,24244.2,24274.2,8592240000.0,"{'dividends': 0.0, 'stock_splits': 0.0}",8ccdd8e5
NDX,1D,YFinance,2025-09-17,24286.4,24292.1,23999.8,24223.7,9325980000.0,"{'dividends': 0.0, 'stock_splits': 0.0}",b1a9a163
NDX,1D,YFinance,2025-09-18,24421.2,24554.5,24347.5,24454.9,10478450000.0,"{'dividends': 0.0, 'stock_splits': 0.0}",c5c50405
NDX,1D,YFinance,2025-09-19,24528.4,24641.9,24469.3,24626.2,14632360000.0,"{'dividends': 0.0, 'stock_splits': 0.0}",25c0744f
NDX,1D,YFinance,2025-09-22,24588.2,24781.7,24578.1,24761.1,9736270000.0,"{'dividends': 0.0, 'stock_splits': 0.0}",3f34388f
NDX,1D,YFinance,2025-09-23,24752.7,24764.3,24536.5,24580.2,9822620000.0,"{'dividends': 0.0, 'stock_splits': 0.0}",b560fac6
NDX,1D,YFinance,2025-09-24,24649.0,24650.4,24388.6,24503.6,9184030000.0,"{'dividends': 0.0, 'stock_splits': 0.0}",ebc20884
NDX,1D,YFinance,2025-09-25,24321.7,24460.7,24186.4,24397.3,9960330000.0,"{'dividends': 0.0, 'stock_splits': 0.0}",10eb44c7
NDX,1D,YFinance,2025-09-26,24410.9,24510.4,24297.7,24503.8,8488400000.0,"{'dividends': 0.0, 'stock_splits': 0.0}",52d2ebae
NDX,1D,YFinance,2025-09-29,24629.0,24741.8,24560.2,24611.3,9046720000.0,"{'dividends': 0.0, 'stock_splits': 0.0}",366d201f
NDX,1D,YFinance,2025-09-30,24597.4,24691.2,24505.1,24680.0,8928070000.0,"{'dividends': 0.0, 'stock_splits': 0.0}",09498cee
NDX,1D,YFinance,2025-10-01,24539.2,24816.7,24517.8,24800.9,10043980000.0,"{'dividends': 0.0, 'stock_splits': 0.0}",f6fb1bb0
NDX,1D,YFinance,2025-10-02,24933.5,24944.8,24780.1,24892.8,9633200000.0,"{'dividends': 0.0, 'stock_splits': 0.0}",14a83358
NDX,1D,YFinance,2025-10-03,24931.4,24958.3,24713.6,24785.5,10515730000.0,"{'dividends': 0.0, 'stock_splits': 0.0}",a2385184
NDX,1D,YFinance,2025-10-06,24986.3,25044.3,24907.6,24978.6,10468830000.0,"{'dividends': 0.0, 'stock_splits': 0.0}",540fa2e2
NDX,1D,YFinance,2025-10-07,25031.8,25063.0,24783.9,24840.2,10375920000.0,"{'dividends': 0.0, 'stock_splits': 0.0}",609a3181
NDX,1D,YFinance,2025-10-08,24887.3,25142.2,24882.3,25136.6,10925520000.0,"{'dividends': 0.0, 'stock_splits': 0.0}",566ec389
NDX,1D,YFinance,2025-10-09,25124.8,25139.3,24966.8,25098.2,10713200000.0,"{'dividends': 0.0, 'stock_splits': 0.0}",281f30a5
NDX,1D,YFinance,2025-10-10,25116.8,25195.3,24207.2,24221.7,10713200000.0,"{'dividends': 0.0, 'stock_splits': 0.0}",9fef6ab9
NDX,1D,YFinance,2025-10-13,24625.7,24779.7,24540.4,24750.2,9018770000.0,"{'dividends': 0.0, 'stock_splits': 0.0}",be69b917
NDX,1D,YFinance,2025-10-14,24442.9,24766.4,24256.3,24579.3,9776720000.0,"{'dividends': 0.0, 'stock_splits': 0.0}",7da6db4e
NDX,1D,YFinance,2025-10-15,24807.3,24933.2,24496.1,24745.4,11374850000.0,"{'dividends': 0.0, 'stock_splits': 0.0}",2b680fc2
NDX,1D,YFinance,2025-10-16,24882.2,24998.3,24481.2,24657.2,11343620000.0,"{'dividends': 0.0, 'stock_splits': 0.0}",5e156213
NDX,1D,YFinance,2025-10-17,24600.6,24881.5,24511.6,24817.9,9552150000.0,"{'dividends': 0.0, 'stock_splits': 0.0}",d094ba6d
NDX,1D,YFinance,2025-10-20,24991.1,25183.8,24988.7,25141.0,9440620000.0,"{'dividends': 0.0, 'stock_splits': 0.0}",3d0eafd7
NDX,1D,YFinance,2025-10-21,25139.8,25178.2,25043.1,25127.1,10845130000.0,"{'dividends': 0.0, 'stock_splits': 0.0}",c9c6e53a
NDX,1D,YFinance,2025-10-22,25093.6,25127.1,24652.1,24879.0,14361150000.0,"{'dividends': 0.0, 'stock_splits': 0.0}",6aa361dc
NDX,1D,YFinance,2025-10-23,24869.6,25126.8,24856.3,25097.4,10363600000.0,"{'dividends': 0.0, 'stock_splits': 0.0}",9355748e
NDX,1D,YFinance,2025-10-24,25307.8,25418.6,25288.7,25358.2,10308620000.0,"{'dividends': 0.0, 'stock_splits': 0.0}",86a4bb37
NDX,1D,YFinance,2025-10-27,25701.9,25839.0,25656.4,25821.6,10757830000.0,"{'dividends': 0.0, 'stock_splits': 0.0}",85ed0bad
NDX,1D,YFinance,2025-10-28,25932.6,26087.5,25864.5,26012.2,10640830000.0,"{'dividends': 0.0, 'stock_splits': 0.0}",76f46008
NDX,1D,YFinance,2025-10-29,26147.7,26182.1,25907.4,26119.8,10089540000.0,"{'dividends': 0.0, 'stock_splits': 0.0}",a3f6771b
NDX,1D,YFinance,2025-10-30,25953.8,26031.7,25732.4,25734.8,10564160000.0,"{'dividends': 0.0, 'stock_splits': 0.0}",8d64d369
NDX,1D,YFinance,2025-10-31,26056.0,26063.5,25761.3,25858.1,10909250000.0,"{'dividends': 0.0, 'stock_splits': 0.0}",2ba45987
NDX,1D,YFinance,2025-11-03,26114.1,26132.9,25887.9,25972.9,10360170000.0,"{'dividends': 0.0, 'stock_splits': 0.0}",a516b90e
NDX,1D,YFinance,2025-11-04,25580.3,25762.2,25415.6,25435.7,10227700000.0,"{'dividends': 0.0, 'stock_splits': 0.0}",268fd7f7
NDX,1D,YFinance,2025-11-05,25433.2,25750.9,25364.9,25620.0,10026890000.0,"{'dividends': 0.0, 'stock_splits': 0.0}",2cbbf794
NDX,1D,YFinance,2025-11-06,25568.2,25568.2,25083.2,25130.0,11085130000.0,"{'dividends': 0.0, 'stock_splits': 0.0}",a9879de6
NDX,1D,YFinance,2025-11-07,24977.7,25065.1,24603.8,25059.8,10141910000.0,"{'dividends': 0.0, 'stock_splits': 0.0}",9a6efbcd
NDX,1D,YFinance,2025-11-10,25418.2,25655.5,25354.4,25611.7,9297320000.0,"{'dividends': 0.0, 'stock_splits': 0.0}",970817bb
NDX,1D,YFinance,2025-11-11,25500.9,25588.3,25380.9,25533.5,7756810000.0,"{'dividends': 0.0, 'stock_splits': 0.0}",e948f2fb
NDX,1D,YFinance,2025-11-12,25662.2,25663.2,25389.7,25517.3,8449920000.0,"{'dividends': 0.0, 'stock_splits': 0.0}",bbe25f62
NDX,1D,YFinance,2025-11-13,25386.9,25396.0,24908.6,24993.5,11351410000.0,"{'dividends': 0.0, 'stock_splits': 0.0}",34a743e4
NDX,1D,YFinance,2025-11-14,24658.6,25198.9,24534.9,25008.2,10841540000.0,"{'dividends': 0.0, 'stock_splits': 0.0}",e7675f5a
NDX,1D,YFinance,2025-11-17,24890.1,25166.2,24649.4,24799.9,9744800000.0,"{'dividends': 0.0, 'stock_splits': 0.0}",15bfd858
NDX,1D,YFinance,2025-11-18,24651.8,24735.1,24299.3,24503.1,8606260000.0,"{'dividends': 0.0, 'stock_splits': 0.0}",4abc3489
NDX,1D,YFinance,2025-11-19,24517.3,24904.7,24432.2,24640.5,8434200000.0,"{'dividends': 0.0, 'stock_splits': 0.0}",42e6de33
NDX,1D,YFinance,2025-11-20,25131.5,25222.9,24021.4,24054.4,10548620000.0,"{'dividends': 0.0, 'stock_splits': 0.0}",12edfde5
NDX,1D,YFinance,2025-11-21,24137.7,24521.8,23854.0,24239.6,9931240000.0,"{'dividends': 0.0, 'stock_splits': 0.0}",55ff12c3
NDX,1D,YFinance,2025-11-24,24462.9,24923.6,24455.7,24873.8,9232160000.0,"{'dividends': 0.0, 'stock_splits': 0.0}",3ea65d8b
NDX,1D,YFinance,2025-11-25,24790.1,25069.5,24542.7,25018.4,8498500000.0,"{'dividends': 0.0, 'stock_splits': 0.0}",0e6be820
NDX,1D,YFinance,2025-11-26,25168.3,25309.2,25077.9,25236.9,7291400000.0,"{'dividends': 0.0, 'stock_splits': 0.0}",abba09f0
NDX,1D,YFinance,2025-11-28,25310.3,25435.8,25281.0,25434.9,4541070000.0,"{'dividends': 0.0, 'stock_splits': 0.0}",8c93395b
NDX,1D,YFinance,2025-12-01,25232.8,25443.2,25158.6,25342.8,7859560000.0,"{'dividends': 0.0, 'stock_splits': 0.0}",8e2ee1f0
NDX,1D,YFinance,2025-12-02,25449.9,25622.6,25369.4,25555.9,7588580000.0,"{'dividends': 0.0, 'stock_splits': 0.0}",ffb40443
NDX,1D,YFinance,2025-12-03,25443.7,25640.0,25388.4,25606.5,7962730000.0,"{'dividends': 0.0, 'stock_splits': 0.0}",456995af
NDX,1D,YFinance,2025-12-04,25658.1,25658.3,25450.4,25581.7,7456860000.0,"{'dividends': 0.0, 'stock_splits': 0.0}",75c6ffbd
NDX,1D,YFinance,2025-12-05,25657.8,25827.1,25617.3,25692.1,8248280000.0,"{'dividends': 0.0, 'stock_splits': 0.0}",74d3dfa9
NDX,1D,YFinance,2025-12-08,25758.8,25828.2,25531.8,25627.9,8533670000.0,"{'dividends': 0.0, 'stock_splits': 0.0}",91605fbc
NDX,1D,YFinance,2025-12-09,25593.7,25698.3,25532.3,25668.7,7192600000.0,"{'dividends': 0.0, 'stock_splits': 0.0}",3fcf8947
NDX,1D,YFinance,2025-12-10,25631.6,25835.0,25504.3,25776.4,7987900000.0,"{'dividends': 0.0, 'stock_splits': 0.0}",f56a1386
NDX,1D,YFinance,2025-12-11,25598.4,25696.3,25372.2,25686.7,8337770000.0,"{'dividends': 0.0, 'stock_splits': 0.0}",230ade30
NDX,1D,YFinance,2025-12-15,25352.9,25377.6,25022.8,25122.2,808461673.0,"{'dividends': 0.0, 'stock_splits': 0.0}",ac7d9af7
